Sequence,MIC_Pred,Hemo_Pred
KYYGNGVTCGKHSCSVDWGKATTCIINNGAIAWATGGHQGNHKC,-1.3472487926483154,0.00019821227100430463
VPKPPYLPRPRPPRRKYNRG,-1.1306580305099487,2.556084062512632e-06
KYYGNGVTCGKHSCSVDWGKATTCIINNGADAWATGGHQGNHKC,-1.0265036821365356,0.0001229759913526554
VDKPPYLPRPRIPRRIYNRG,-0.9356021881103516,1.1626883619521462e-07
GFCWYACAKRNGLRVCYRRCN,-0.7680944204330444,7.353916359128745e-07
GFCWYVCVKRNGVRSCYRRCN,-0.6838430166244507,8.652867539721458e-06
GFCWYVCVKRNGVRRCHRRCN,-0.5590752363204956,2.1549655576925814e-05
AWKEKIRKKLKNEIKKKWRKAVIAW,-0.5201406478881836,0.35249303631606593
GSKKPVPIIYCNRRTGKCQRF,-0.46343889832496643,2.5386282038857195e-07
VDKGSYRPRPTPPKPIYNRN,-0.3005369007587433,1.372993376760236e-07
VDKRPYKPRPRPPRRIYNR,-0.28295451402664185,8.924452263317316e-08
VDKRPYRPRPRPPRRIYNR,-0.28260231018066406,7.481919926958971e-07
RRWKIVVIRWKK,-0.13757318258285522,1.3688903989767132e-05
GNNKPVYIPKPRPPRPRL,-0.12694625556468964,1.1248242646619278e-06
VDKPPYLPRPRPPRRIYNR,-0.10827776789665222,4.369700805450937e-07
RPWAGNGSVHRYTVLSPRLKTQ,-0.09209920465946198,0.00011364487937257318
VEKPPYLPRPRPPRRIYNR,-0.08081795275211334,9.86327590535105e-08
RGGCLCYCRRRFCVCVCR,-0.0750349909067154,0.29793808974057584
NIRRIIRKIIHIIKKY,-0.06904467940330505,6.190974052902294e-05
IRRIIRKIIHIIKK,-0.06316083669662476,0.01000500117988165
AKKVFKRLPKLFSKIWNWK,-0.034754931926727295,0.26189292590871366
GWLKKIGKKIERVGQHTRDASIQAIGIAQQAANVAATARG,-0.02896571159362793,1.1008337838987995e-05
GFGCNGPWQEDDVKCHNHCKSIKGYKGGYCAKGGFVCKCY,-0.022160068154335022,1.2870563959870723e-05
KWKSFIKKLTKKFLHSAKKF,0.0005605518817901611,0.3655400062397612
LRPLLRPLLRPLLRPLLRPLLRPLLRPL,0.02451305091381073,1.1164491453038938e-07
PVLRPLLRPLLRPLLRPLLRPLLRPLLRPL,0.02483922243118286,0.44881125929887855
GRWRWWWRWRV,0.03190144896507263,0.0020255410493037703
VDKPPYLPRPRPPRRIYWR,0.033569298684597015,4.65427517157457e-06
AKRIVQRIKDFLRGARLFDKIRQVIRKG,0.040290236473083496,0.061981745021928804
RWIRWVWRKKLR,0.056366875767707825,0.33304746967843046
KWCFRVVGGYLAGRAHCARHCFR,0.06909646093845367,0.00812999779697193
ILKKIWKPIKKLF,0.07892827689647675,0.35179517588467263
GLRKRLRKFRNKIKEKLKKIGQKIQGLLPKLAPRTDY,0.09530944377183914,0.001992279882514212
RRIRIRPPRLPRPRPRPFFPPRFPLPRPGPRP,0.11210684478282928,3.924459939989311e-06
KWKIFKKIEKVGRNVRDGIIKAGPAIGVLGQAKALG,0.13546310365200043,0.00010324399762339602
KFAKFAKKFAKFAKGGKPQQFFGLM,0.13694824278354645,0.025420244007915465
RWKVFKKIEKVGRNVRDGIIKAGPAVAVVGQAATVVKG,0.1400177776813507,4.806554045606025e-06
VDKPPYLPRPRPPRRKYNR,0.15513728559017181,8.579509413670829e-08
VDKNPYLPRPRPPRRIYNR,0.1636015772819519,5.709234352359317e-06
VNWKKILKKIIKVAK,0.16553622484207153,0.09571048262589557
RGCYTRCWKKNNGKTCSAPPVRTCQ,0.1728147268295288,0.0006247434673141727
VDKRHYLPRPRPPRRIYNR,0.1734369993209839,1.0416030885820231e-07
RKVRPIIRPIIRPIIRPIIRPIIRPIIRPIIRPIIRPIIRPI,0.18239915370941162,9.823634050003382e-06
FIKWKFRWWKWRK,0.18675071001052856,0.3163797643607106
GIKKWLHSAKKFPKKFVKKIMNS,0.19596561789512634,0.3529948067752517
GWWKNVFKGVKKVAKGVGKLVGGGAL,0.20654328167438507,0.012305409249157864
WFGKLYRGKTKVMRVKR,0.20666837692260742,0.0012538537615142016
KISKKIMRTFLRRISKDILTGKK,0.21833929419517517,0.11567118206095278
VDKPRYLPRPRPPRRIYNR,0.22285452485084534,1.0590531575068325e-07
LGLFKKLLRLIKKGFKK,0.2291073203086853,0.4842424767595333
GLKKRIGKFLKNLGKKIGKGAKLVGAGALGSLV,0.22990697622299194,0.4433337707260608
GGFKCRRWQWRMKKLGAPSITCVRRAFA,0.2335084080696106,0.003836572834656309
FIKWKFRWWKWRR,0.23465469479560852,0.21088030130722407
VDKRPHPRPRPPRRIYNR,0.24037131667137146,6.605059264930432e-08
GGLRSLGRKILRAWKKYGPIIVPIIRIG,0.2637089490890503,0.27004260239781186
VDKPPYLPTPRPPRRIYNR,0.2681957483291626,9.80568325517461e-06
RVLCEKVCVRGRIRYHRRCW,0.2691226005554199,0.486077762023567
VRGKRLWDIVRRWVGWL,0.2768685221672058,0.23602962511995362
KLWKLWKKWLK,0.2808511257171631,0.2099415542484244
GLQFPVGRVHRLLRK,0.2891828417778015,0.00264300327673077
RWKIFKKIEKVGRNVRDGIIKAGPAVAVIGQAATVVY,0.2904680371284485,3.857039999594069e-05
VDKHPYLPRPRPPRRIYNR,0.3050188422203064,8.702686762361196e-07
FFGHLFRGIVHVGKTIHRLVTG,0.3063088059425354,0.00011724342793112032
RWRWRIRWK,0.3111725151538849,2.9849933634365963e-05
GGLRSLGRKILRAWKKYGPIIVPIIRI,0.3138660788536072,0.00012096836419283623
GYRCRRRFCVGVLGRSIGCWSPSTYRGGSCNGGYCRKGSCQT,0.3197437524795532,0.0015219817716526497
KWKSFIKNLTKVLKKVVTNGLGLLSSVFKVGNQ,0.3205452561378479,0.41013970692592017
WRELRRGVQRLLRKIGKLGRDIIKAGLA,0.3205781877040863,0.3551284569963993
RWKIFKKIEKVGRNVRDGIIKA,0.3206775188446045,0.21948769536414148
VDKKPYLPRPRPPRRIYNK,0.3217131793498993,1.1875222101446194e-06
FKKFFKKLKNSVKKRAKKFFKKPRVIGVSIPF,0.32172712683677673,0.4919086514113671
FLKALWKVAKKVW,0.32333576679229736,0.00010316441373210022
GFCVYRNCWRVCYRVCNRR,0.3254840075969696,0.14367322899075868
KGWGSFFKKAAHVGKHVGKLAANLA,0.32752710580825806,0.023484927442246364
RGLFKKLARAIKKGFKK,0.3283313512802124,0.33846021391957287
VDKRPRLPRKRPPRRIYNR,0.32970839738845825,9.591434135914497e-09
GGKLAKLAKKLAKLAK,0.33332571387290955,0.31733141012531485
RLRPLLRPLLRPLLRPL,0.3369758129119873,0.007457251264991915
VDKPPYLPRVRPPRRIYNR,0.3390723466873169,1.0943977333465013e-06
RRRPRPPYLPRPRPPPFFPPRLPPRI,0.34007129073143005,0.0003624683905740678
AAWKKFLKKIEKVGRNVRDGIIKAGPAVQVIGTAKG,0.34110313653945923,0.0008028389091545541
KLLKWLKKLLK,0.34132492542266846,0.03833591906035824
RGLFRKIRRKIKKGFKK,0.3454771637916565,0.0001077688696520153
GIWRILRKIKRIIK,0.34924814105033875,0.44832468527008507
GFKHIFRGIKGLGKRVWRLVY,0.35824623703956604,0.4114483273826469
GFGCNIFGGNDYRCHRHCKSIRGYKGGYCKLGGICKCY,0.3707568049430847,0.00020326239925754074
FFPIVGKLLSGLSGLL,0.3715502917766571,0.27425189047221266
RCYCRRRFCVCR,0.37288811802864075,0.3473090789119976
RGLRRLGRKIAHGVKKYGATVLRIIRIA,0.3763662278652191,0.001019141621107492
RWRWWWRWR,0.38047194480895996,4.7025674073363646e-05
GLRKRTRKRLRKIGKKIKNFL,0.38890698552131653,2.045902496302875e-05
VDKGSYKPRPTPPKPIYNRN,0.39615169167518616,6.409216638526623e-08
VDKKPRRPRPRPPRRIYNR,0.40461739897727966,4.1843741497468354e-08
GLRKRLRKFRNKIKECLKKIGQKIQGLLPKLAPRTDD,0.4112602770328522,6.501530381702164e-05
LKFLKKALKKLF,0.41276922821998596,0.4677462464040278
KFAKFAKKFAKFAKGGRPKPQQFFGLM,0.4137279689311981,0.01259028419500265
RRWWRFFWR,0.41660213470458984,0.005742954959386737
KQKIIKAFRWAIKAFKR,0.4169200658798218,0.46793992952580066
KWKLFKKIPKFLHLWK,0.42042261362075806,0.018408548705598125
HRFKRFKKFFKKLKNSVKKRAKEFFKKPRVIGVSIPF,0.42198318243026733,0.4502224711751291
RGLFKKLLRAIKKGFKKK,0.42296120524406433,0.4163353555721849
RWCVYACRRGVYVRRCLR,0.42419689893722534,0.21893062358948526
KKGWGKRLFKIGKLFKKLAK,0.42501726746559143,0.3300460803503508
VDKKAYLPRRRPPRRIYNR,0.4263750910758972,2.3661453235831233e-07
RWWRWWRWWRR,0.4316871464252472,0.3714290996232189
INWKKIFKKIERVGQNIRDGIIKAGPAVAVVGQATQIAK,0.4342075288295746,0.0005166514876965416
WLKKLLKWL,0.43420788645744324,0.0008402295187273126
LKLKLKLKLKL,0.4433765113353729,0.42272006320903827
FIKRIARLLKKIF,0.45092475414276123,0.4312122363922543
RFRRLRWKTRWRLKKIG,0.4514104425907135,0.489240720683375
AFKCKFCCGCCRAGVCGLCCRF,0.4573650658130646,0.37060921085551324
KSWLKKWLKKWLKSI,0.4637826085090637,0.46881819484799747
RIKRIVKRIKKWLR,0.4646839499473572,0.004976630492780554
RWRWKGWLKKLKK,0.46493151783943176,0.03755519842914185
GLRKRLRKFRNKIKEYLKKI,0.46580401062965393,0.2593155496344543
KWKSFIKKLTSKKKLLAKVFKAAKK,0.46790212392807007,0.42143019187491815
GVIPCGESCVFIPCISALLGCSCKNKICYNN,0.4705376923084259,0.12278805824977411
AMDPTKYYGNGVYCNSKKCWVDWASGSGCIGQTVVGGWLGGAIPGKC,0.47880828380584717,5.67215838784067e-06
KRIRKRIKKWFR,0.480114609003067,0.0005673521997326897
KRIKKRIKKWRKRIKKFFKKL,0.4812001883983612,0.2429441765258644
KWKIFKKIEKVGRNVRDGIIKAGPAVAVIGQATSIARPTGK,0.48261281847953796,2.507152466594451e-07
IKLSPKTKKNLKKVLKGAIKGAIAVAKMV,0.49216076731681824,0.3524813473244549
KRIGWRWRRWPRLRK,0.49304744601249695,4.021399488840683e-08
GIMGKIKKLLRKAGGGFVAHLINKGLGK,0.49334967136383057,0.48743060509191616
AKKVFKRLNKLLKKILK,0.49400585889816284,0.3788813515805179
GYGCPFNANECHAHCLSIGRKFGFCAGPLRATCTCGKQ,0.49612459540367126,4.239450782733815e-05
RRRRRRRRGRGGGGRWRRGLGLLALIKSWKR,0.4982392489910126,0.0008355523318045314
RFRRLRWWTRLRLKK,0.5040431022644043,0.004692418054168702
KKWRKWLKKLAKKL,0.5053914785385132,0.260678622041697
TRSSRAGLQWPVGRVHRLLRK,0.50702965259552,1.0599780894060951e-07
GFKDLLKKAAKALVKTVLF,0.5084328651428223,0.463365351663957
KKLFKKILKYLAGPAKFLHSAK,0.5142614841461182,0.12129193477797297
GLRKRLRKFRNKIKEFLKKIGQKIQGLLPKLAPRTDD,0.5144683122634888,0.0008350051605325321
VDKKPRKPRPRPPRRIYNR,0.5227781534194946,1.7232161407823252e-07
WWKPWKKLRRVYIPFRRR,0.5232154130935669,0.3786372645575548
GRKKRRQRRRPSLLIRRPPRWMIR,0.5271714925765991,9.120083611624007e-07
KKHRCRVYNNGLPTGLYRWC,0.5279550552368164,2.2815504065733543e-06
SRFSRGLGRFLRFLRKILRFL,0.5307068824768066,0.3438222592910958
ILKWKRKWWKWRR,0.5335015058517456,1.7667849147352783e-05
GFGCNGPWSEDDIQCHNHCKSIKGYKGGYCARGGFVCKCY,0.5340818166732788,2.2218378492302863e-06
DILIIVGGKQRKKRRR,0.5393333435058594,1.8637482690425955e-06
GLKDLLKGAAKALVKTVLF,0.5395098924636841,0.44361354033917694
RWFRFNGRWFRF,0.5405352115631104,2.1550000027005157e-05
FIPGLRRLFATVVPTVVGAINKLPPG,0.5435755252838135,0.43697473560989014
IKKIVSKIKKLLK,0.5440661311149597,0.3039681852111339
RFGRFLRKIARFRPKVKKFGPSITHGLLPGIIRFIGASIQG,0.5458602905273438,0.2766458130304515
RFRRLRWWTRKIC,0.5476921796798706,0.0027823575422005102
FGRILRRILRRLRK,0.5536119937896729,0.4897849769962566
LLRRVAHLLKKFARKF,0.5546867847442627,0.46659853949562957
GLRKRKRKFRNKLKEYLKKIGQKIQGLLPKLAPRTDY,0.5552637577056885,0.02632078137480889
KWFKKWAKKWWKFF,0.560575544834137,0.4321940073569583
RFPWWWPFRR,0.5624456405639648,0.4558152807319764
LRRLRWWWRLR,0.562667727470398,3.612162466984581e-05
DILIIVGGKRRKKRRR,0.5648946762084961,3.063516592991019e-07
FIKRIARLLRKIF,0.5652857422828674,0.04794706540590317
GLKKIFKAGLGSLVKGIKAHVAS,0.5666999220848083,0.25817570467373624
GLRKRLRKFLNKIKEKLKKIGQKIQGLLPKLAPRTDY,0.566717267036438,0.022199250702980705
IKRAKLFKKIPKLLHLWKK,0.5672620534896851,0.31050053135052724
WKVWKSFIRKLTKKVF,0.5730390548706055,0.40423322838026843
GLRKRLRKFRNKIKEILKKIG,0.5742208361625671,1.8484480511434307e-05
KFKSFLKKLTSKFLHSAKKF,0.5749318599700928,1.1278293389380935e-05
GRWKWKWRWK,0.5762269496917725,1.202025095483764e-06
KLDWKKIGKIVGKILKALG,0.5778759717941284,0.3851243928867771
LKKLLKLCKKLLKLAG,0.5795329213142395,0.005851248016048517
RRLVRRILRRIWR,0.5800637006759644,0.07982777717058281
RFKKFFRKLKKSVKKRAKEFFKKPRVIGVSIPF,0.5808698534965515,0.00012287426946332007
LLKWWKKLLKK,0.5816452503204346,6.7066847927103044e-06
FMPIIGRLLSGSL,0.5837641954421997,0.0029960057378608487
RVVRPVVRPVVRPVVRPVVRPVVRPV,0.584070086479187,9.303016902718375e-07
KWLKKWLKKWLKL,0.5845118761062622,0.31823203398256866
KPIPIIYCDRNTGKCQRMWIQGKCDSWSRY,0.5878617763519287,1.2988646716282594e-06
GRFRRLRKKIKKLFKKL,0.5880423784255981,0.001996671712525844
GFGCPFNANECHAHCLSIGRKFGFCAGPLRATCTCGKQ,0.5887093544006348,1.802744592297393e-05
RWLRRIRIWWR,0.5899122953414917,0.07412506863229151
RWRWWWRWVKK,0.5919550657272339,0.002053215145362211
WRWWKIWRW,0.5925518274307251,0.012281070251634678
LKWLKKLLKKL,0.5933426022529602,0.23531590994347076
ATCDLLSGTGINHSACAAHCLLRGNRGGYCNGKAVCVCRN,0.5953793525695801,7.179792479038647e-07
ASVVKKLWKGWWKLLK,0.5969867706298828,0.2382053983236151
KKLFKKILKYLTTGLPALISWKDEL,0.5972487330436707,0.05366579992675808
IKPIIKPIIKPIIKPIIKPIIKPIIKPIIKPI,0.5976669788360596,9.039295802507193e-07
WLRRIGKGVIKWLRRI,0.5991108417510986,0.4666198761024486
GFKDLLKGAAKALVKTVLF,0.5992962121963501,0.26615360261747134
RFRRLRWKTRWRLKKI,0.6002306342124939,0.3884265172055015
VTCDILSVEAKGVKLNDAACAAHCLFRGRSGGYCINGKRVCVCRR,0.6024311780929565,2.9532917631040606e-06
AWKEKIRKKLKNEIKKKGRKAVIAW,0.6069472432136536,0.2702987220866765
FFHHIKRGIVHVGKTIHRLVTG,0.6075128316879272,0.2733074595897532
WRLRWRTRWRLR,0.6087213754653931,4.412900682565067e-06
IARRALKKAKRAAHTIPQCKKFGRK,0.6090906858444214,0.0004983328735444618
KKKKKWWWWI,0.6141690015792847,9.779548206189208e-06
FRRPFKWFRRFFKFF,0.6150976419448853,0.24048320370918724
GGLRKLGRKILRAWKKYGPAIVPIIRI,0.6151087284088135,0.3363610882706555
FFHHIARGIVHVGKTIHRLVTG,0.6172970533370972,0.00021775050314639134
WKWPWWPWRR,0.6182495355606079,0.4562576526284237
LRKLRKRLLKLVKKLRHLLPK,0.6190133094787598,0.029147711315521244
KWKLFKKIGAVLKKL,0.6190447807312012,0.001863434985949568
GVVVRIGRVIVRGVRR,0.62001633644104,0.005455215681005808
VRPVVRPVVRPVVRPVVRPVVRPV,0.6213895082473755,3.165337770085339e-07
RLLRIWWIRVLR,0.6244324445724487,0.4046953997030413
KWGRWLRKIRRWRPKC,0.624814510345459,2.327931891131821e-05
KFKQWRYRVHKFVRFF,0.6266312599182129,0.0001133865048364307
KKLKLFKKWAKLFKKLF,0.6281616687774658,0.3755376170528465
RKLRKIVKRMKKIL,0.6288397312164307,1.684735897885727e-06
CRWGRWLRKIRRWRPK,0.6290943622589111,1.6733391698321335e-08
WKKWWKKWWKWWKKWWKK,0.6299654245376587,0.3313917117532345
FKCRRWQWRMKKLGAPSITCVRRAFA,0.6334817409515381,0.004444309755480957
KKWKKWKKWKK,0.6336787939071655,3.012781622363592e-08
KIQGLLKKLGKLFKDKAKMGIGAINDWKKIANHLK,0.6360442638397217,0.3501505080722988
ILKWKWKWWPWRR,0.6374112367630005,0.24315147880144375
APKVNVNALKKGGHVIKKGLGVIGAAGTAHEVYNHVRNRNQG,0.6386184692382812,1.037184286203422e-07
SVMGTVKDLLIGAGKSAAQSVLKSLSCKLSSDC,0.6394482851028442,0.038614231597585896
KRKKHRCRVYNNGLPTGAYRWC,0.6397445201873779,6.280534752525648e-05
RFRWPIRRRPIRPPWYP,0.6415708065032959,0.007175324660468042
RLWLAWLRR,0.643044114112854,0.004805397949569767
LRKFAKFAKKFAKFAKGGPQQFFGLMQLG,0.6447288990020752,0.033899595675055266
YYHFWHRGVTKRSLSPHRPRHSRLA,0.6458295583724976,1.7562198606278307e-05
GRLRALRLSWIRRLL,0.6480648517608643,0.3930421345978575
GWRLWLKGDRKLFKTGLGKLASKVVPAVYG,0.6486101150512695,0.09382509540571882
FIKRWSKWWRK,0.6491819620132446,7.10273417468916e-08
FLRRIGSLLGRLAKHLDRLIARHDR,0.6517825126647949,0.4649525518249857
GIGKFLHRVKSFGKKWLRAIGASLVGSDPAGCAAHTSC,0.6538108587265015,0.0006171649391155458
WRRFWKRIFRK,0.6576215028762817,0.00012846671540396563
KRKKHRCAVYNNGLPTGLSRWC,0.6585297584533691,1.6234046307389805e-05
WRNGRWWRNGRWWRNGRW,0.6591588258743286,0.23585194449879845
RKIKRYLRRMI,0.6596754789352417,2.5559918350342408e-06
ALKALGKHILKGLKNLGKNIL,0.662961483001709,2.9024390469235452e-05
AGKRIVQRIKDFLRGAGRLFDKGLRELVR,0.6636297702789307,0.4983535976052409
RWRPKRWWWW,0.6648706197738647,0.013936118036901078
GLNALKKVFQGIHEAIKLINNHVQ,0.6655000448226929,6.270900059099319e-06
ILRWIGRWWR,0.6659868955612183,0.00586288816802584
WLKKLWKKIKK,0.6667178869247437,2.0437384654351957e-08
KLWKLWKKLVGALRNL,0.6683807373046875,0.38154972776446244
LKKWLKWLL,0.671880841255188,0.0025072710881469612
RIKRFWPLVPVAINTVAAGINRIYKRLI,0.6718839406967163,0.0015845548887473118
KFVPLKKFLPWKKPLKKL,0.6721048355102539,0.0009558952032266055
RRFRFFFFRRR,0.6725988388061523,0.0031973764693947106
RLRWWWRLR,0.6738210916519165,0.07876739072930056
KIAKRIWKILRRR,0.673882246017456,0.18205413773923457
FKRKLFKKILKYLAGPAGIGKFLHSAKKDEL,0.6746628284454346,0.0032683965511450174
PFLRRLARRLLRRLARSGRR,0.6756700277328491,6.337470009477434e-07
GSKKPVPIIYCNARTGKCQRM,0.6773115396499634,5.810096716197788e-07
PPMRLKKFLRRLMKIGSILKKIWK,0.6786482334136963,0.39452136193377735
FSGGDCRGHRRCFCHFSVGIPDCCKFTYCNRP,0.6787970066070557,0.04551189036459143
LRFLRRALRRLLR,0.682499885559082,0.03548155419221926
GGFKCRRWQWRMKKLGA,0.6847364902496338,0.0024608474037245242
KWKFFKKIEKVGQNIRDGILKAGPAVAVVGQATNIAKK,0.6873022317886353,0.0001413947634040379
KRLIKYLRRMI,0.6873066425323486,0.013677398725293062
KIHRLALRSVLRKWLRKRLLR,0.6875220537185669,0.0013607283096376986
RRWWRAIPFAVRWW,0.6894888877868652,0.00018299819881461774
KIAKRIWKILRR,0.6915733814239502,0.05337955590347193
KWKLFKKKGAVRALRKGAHVGIVRIP,0.6939034461975098,0.20951419725904255
GVLGTVKDLLIGAGKSAAQSTLKTLSCKISNDC,0.6939132213592529,0.307812865946231
FKCWRWQWRMKKLGAPSITCVRRAFA,0.6993192434310913,0.36261051272135114
KKWKIFIKIWKK,0.7002477645874023,0.001954738416057516
KKWRKWLKWL,0.703792929649353,0.31563459982562025
WLLWIAFRKKR,0.7038533687591553,0.16831503232149914
ALWKDILKNVGKAAGKAVLNAVTDMVNQ,0.7039363384246826,0.00013848893514220408
GRFKRFRKKFKKFAKKFGKPGPQQVIDTLLPGIQI,0.7046514749526978,0.00040804871847024363
GLLKRIKWLL,0.7057976722717285,0.09348242607888697
KPWLWRVMRNVIGIGKVFVGGISLVT,0.709216833114624,0.4473255801982141
KRIVARIKAFLR,0.7093547582626343,9.10311202475309e-07
GNNKPVYIPQPRPPHPRL,0.7120168209075928,4.276435163149332e-08
KYKKKFKLFKLFKAI,0.7133944034576416,0.004587087778480913
RKKKFKFFKRLF,0.714226245880127,6.107740286032894e-05
KRLRKFRNKIKEKLKKIGQKIQGLLPKLAPRTDY,0.714555025100708,0.00026600207485042376
GPHSANHVRGHVTCLRSCDRNSGRVCKYGCTSWRVAYRGKSTCK,0.7154747247695923,0.0023074009063850792
RGFRKHFNKLVKKVRKHIDKLTAGKE,0.7158656120300293,0.010643892440295519
GFSSLFKAGAKYLLKQVGKAGAQQL,0.7169584035873413,0.005902338620407225
KWWKRWWKWWK,0.7181383371353149,0.10356673473249155
FIPGLRRLFATVVPTVVGAINKLPPGRK,0.7184864282608032,0.42099118791661455
KRRWWTWWPSWLKK,0.7188507318496704,0.061555966834208546
ILPWKKPKKPKRR,0.719151496887207,1.5495710643588629e-06
RWARWLLKAA,0.7210546731948853,1.7413428371519033e-06
FKRFKGSVKHGKGHLVHHIGVAL,0.721459150314331,9.868715728462819e-07
RRFFFRIRR,0.7243032455444336,0.00285389407518224
GLRKRLRKFRNKIKEIFKKFKNQQKKKGAPTQG,0.7243520021438599,0.0010488501437823305
HRVDFGRRYCPGYRIGRYGLRHVGDAIIVTPQGISKL,0.7253507375717163,0.00010028797108793637
ILKWKWPWWKWRR,0.727669358253479,0.07894435307362972
RRIIRPRPPRLPRPRPRPW,0.7283917665481567,1.7953194490841952e-05
WLRKVWRWLK,0.7294788360595703,0.00945587992740172
GKWWKWIKRIRK,0.7296402454376221,0.050412764750920463
GKWMKLLKKILK,0.7313059568405151,0.0783278075442396
LRKLKRRLKRLFAKWRRK,0.7315629720687866,0.36714336431409017
SRWRWKSSKKGSGGLGGLLGLGPKVIKAIFH,0.731574535369873,0.2392876577683849
LKKLCRILKRLCRI,0.7319126129150391,4.477426169081537e-05
VCHRGRPQGCRGGRCPGHSQKIGTCIGPRLCCKRR,0.734634280204773,7.0554951367272e-08
VKRWLRWWRWWR,0.734744668006897,0.01903498501951496
WRTRWRTRWRTNWRTGRTWDLVKQYIIGYLSRR,0.734847903251648,0.12770996427800532
IGKLFKRFLKLIR,0.7370400428771973,0.3689748900180311
FKLLSHSLLVTLAKKL,0.7395069599151611,0.49860557881498546
WRWRWRWR,0.7403286695480347,9.593053640896688e-08
GLLSGILSAGKNIVCGLSGLC,0.7426742315292358,0.25052988924099523
AACRGYRIRCRLYCGGIRMR,0.7431114912033081,1.2947023608788965e-08
KRIRPRPPRLPRPRPRC,0.7449368238449097,3.3667228037309067e-07
LKWLKWLLK,0.7474660873413086,0.3831705454152914
GLLGPLLKIAAKVGSKLL,0.7475041151046753,0.35364158805936013
FWGKLFKLGPKLLGSIPLGKA,0.7475498914718628,0.46494273285860943
KLLKWLLKLK,0.748822808265686,0.15321341760003274
GILKWLKLLKK,0.7492947578430176,0.32306746338609227
KFAKFAKKFAKFAK,0.749768853187561,1.2109306876761413e-07
FLGKLFKVVSKLF,0.7527651786804199,0.4718993065773199
HLWKTLLKNVGKAAGKAVLNTVTDMVNQ,0.7530653476715088,4.786084106048929e-05
WKWKRRRFKWKW,0.7530708312988281,0.3804268765402173
AARIILRFRFR,0.7545791864395142,0.0003367246509264604
ERFRPPIRRPPIRPPFYPPFRPPIRPPIRPPIFPPIRPPI,0.7582035064697266,5.5231752466506395e-05
KWKKWWKKWKKWSK,0.7587491273880005,0.27863637265592167
KKFATIAKKFINWLW,0.7614531517028809,0.34301074853562075
RWKLFKKIEKVGRNVRDGLIKAGPAIAVIGQAKSLGK,0.7618006467819214,0.00011469423373553318
PNRESQFYKILRKILSKIWNGSK,0.7620420455932617,0.026918980645858
GLRKRLRKFRNKIKEK,0.763008713722229,4.953919116609052e-07
IQKKWIQKVIDSFKQLFKQIGPQILGELGRAQLA,0.7652604579925537,0.05313710812478815
KKVVFKVKFKKK,0.765525221824646,2.997890571130946e-10
GLLRKLRKRLRKFLNKIKEKLKKKIQ,0.7659019231796265,0.0030438774317149094
ALLLAIRRR,0.7691079378128052,0.32066981713050496
RFRGPFDPRPYDPRFRFPRRFVPPGLRFPPPFFPPVGR,0.7707290649414062,5.075112336619231e-06
KFSKKAAKFAKKAAKFALGAL,0.771125316619873,0.4666289896009143
KPSRRPYSRPQPRPPRPRL,0.7738069295883179,2.2961709073460753e-07
ILPWKLPWWPWRAPTRR,0.7740684747695923,0.011275498795003168
RWRRPIRRRPIRPPWYP,0.7742910385131836,2.0674320113857075e-05
KKVVFKVKFKK,0.7762330770492554,6.863406065015092e-11
GRLGPRLGKGLRILGRKIKGIPESLKEQAINLIPSTAYG,0.779769778251648,2.9824007796434675e-05
VRFCQYGICAADYGNRRCTCSRRAICDYRGLLRCCKRF,0.7825618982315063,0.0003200421948447348
GLLSGILGAGKKIACGLS,0.7834106683731079,0.0033060891388412886
KRKKHRCRVYNAGLPTGLYRWC,0.7847838401794434,7.629635556402895e-06
RMRFPWPFPVRFRR,0.7861056327819824,0.014260811227608456
RRWWKWWRR,0.7867989540100098,0.00017754970324114914
ALWKNMLKGIGKLAG,0.78717041015625,0.24984778172249406
KVWKPVVIRVKTKVFKTVIG,0.7881213426589966,0.007834623512548631
GLRKRLRKFRNKPKEKLKKIGQKIQGLLPKLAPRTDY,0.7885010242462158,0.00445902808390439
KRFKKFFRKLKKSVKKR,0.7886419296264648,2.066107557047319e-06
RISKRPIPIWIPPWPKPPRR,0.7897653579711914,1.4409186725567887e-07
IKRFKKFFRKLKKSVKKPLKKI,0.7917593717575073,0.4040254867800174
AVNIPFKVHFRCKAAFC,0.7937068939208984,1.3527846893902299e-08
VRRRFPWWWPFRRR,0.7955172061920166,0.25610701530323793
FFGWLIKGAIHAPKAIHPLIHRRRH,0.7957830429077148,0.31335334983344176
RWKLFKKIEKVGQGIGILNSNLYKVLKR,0.7959421873092651,0.09317054991159203
ILGPVISKIGGVLGGLLKNL,0.7964932918548584,0.3381363025306181
KRIGRRIRIRIIRK,0.7969815731048584,0.3735737315019131
KRSKRRRRRLSRGGSGSKKLRSRLTKFLAKILHSI,0.7980475425720215,0.3664513015804655
KWKKSFRKGLKKVGQGVRKGTIRTVGKTAPRSIEE,0.7985613346099854,0.26461503624581423
RGIRRIIRIIRRIIQKI,0.8016090393066406,0.28765434700161013
RFRWWVIRR,0.8017381429672241,0.00252203569636591
LPSVAAMAGTGILGLIGPDCWTGKQCGKCL,0.8018676042556763,0.39379678819042857
AIHHIFRGIVHVGKTIHR,0.8024646043777466,1.0289629981095828e-05
VKGYKPSYPPGSTPIRPIRIRPG,0.8026167154312134,8.835425154689866e-08
ILKWKKGWWWAIR,0.8029699325561523,0.025940741598910168
KFFARLLAFLRAFVLRAKKF,0.8036805391311646,0.49510714380336945
LPWKWPWWPWRR,0.8057615756988525,0.421695318105788
LKKLWKLCKKILKKLR,0.8062031269073486,0.448373932796984
RILRKKCRILKKLGIGKVLHVIGKVIKT,0.8065023422241211,0.323605223903795
GWFRGYRDVFRKYNKGAYHFWKKFAVG,0.8069969415664673,0.08297032117680357
GIFGKILGKGIKGIGKGIKGIIGQKE,0.8070758581161499,0.21392075519269427
ILPLKLPLLPWRR,0.8090143203735352,0.0014061211241452713
AILRKATRRLVKLIV,0.810027003288269,0.2594665799844944
CRGRFCRGGRCIRSRCYCR,0.8114824295043945,6.208757662773523e-06
LLGDFFRKAREKIGEEFKRIVQRIRDFLRNLVPRTES,0.8144395351409912,0.389839401060572
GKLWLIVKKII,0.8146305084228516,0.06785429700708183
LKLFKKILKVL,0.8150389194488525,0.07311429786494165
WKKWWKKWWKK,0.8158694505691528,6.947292948609358e-07
KRKTQRGRDNIKKISKRIKDILKNLVEAVKGIEKIEETDDPD,0.8164981603622437,9.966944641569077e-07
RWRRWRWWRRWR,0.8166199922561646,6.176412243695576e-06
ILPWKWPWWY,0.8181663751602173,0.002063409427088151
LKKWLKKWLK,0.8206442594528198,8.396747022426327e-09
FLGALWNVAKSYF,0.8208329677581787,0.29539479719620637
KKALRRLLKHLAKALKH,0.8219928741455078,0.00012057534755706478
KKFLHSIWRGKKAFIPW,0.8222523927688599,0.012994445290704518
LRLKKYALLAKWYAWA,0.8235749006271362,0.3779759430212396
KSPAVARLGLRLLQFLSCRSGRCNFSGGCCISQPEPKKCFG,0.825111985206604,0.00018767130144537069
LKWLLKWLKK,0.8275212049484253,0.011557003079971968
KVLAKVAKTANILTKVFKKILGK,0.828452467918396,0.4346194109319538
KKWWWRVITRW,0.8290693759918213,1.8444780124467291e-06
GLPALISWIKRKRV,0.8299063444137573,0.3711458566252609
WRTWRTWRTWRTWRTWRTWRT,0.8302590847015381,0.3160060205442614
ILPWKLPLLPLRR,0.830358624458313,0.0009229178101998709
KRIVQRIKKFLR,0.8309241533279419,0.0002066340830875064
IKLSKETKDNLKKVLKGAIKGAIAVAKMV,0.8316327333450317,5.759716467632755e-06
KLLKILKKLL,0.8359832763671875,0.425709092596682
FLRLIGRKIGHRIRYGKR,0.8367959260940552,0.3298817301833277
AANFLPKIAKLCRRILR,0.8368586301803589,1.0188643952169887e-05
HGKKVSFHLGKALKHIANLIKNH,0.837037205696106,9.393020031230809e-05
ASPNCRFSYCRRTTGACSVTGHLCRIALRSCSLSEGEGNCAGYCVCRP,0.8386859893798828,6.771372419908107e-05
RRWRRWRRWWRR,0.8393371105194092,6.042849454866982e-08
FRMPFRCPFRSKLCDRNCRFSIRSCCYIIMSRICSYQRCSRK,0.8415652513504028,0.002570950016371262
FLPKVKKLLKGVLSGIGKKL,0.8416296243667603,0.0014538893075036758
TINQDLLKGALKGLKKGIGMLAGKALKQAQNYGMASQVGMPGYQQMIH,0.843400239944458,0.0014177829160658974
RRWRRWRRWRRWR,0.8461225032806396,6.74853384809569e-07
GIVKKIVKKIVKKIAKI,0.8491584062576294,0.36032319362393855
RIIDLLWRVRRPQKPKFVTVWVR,0.8492577075958252,1.682315944385525e-05
RGLWKKIKKAAKKAVKAAAKAG,0.8493140935897827,0.4497289420107402
RLLRPLLQLRRQKL,0.8499001264572144,0.00044169914043045566
WREWRWKKVKKRTKWR,0.8510820865631104,9.498427808814119e-05
RWRWPIRRPPIRPPFYP,0.8514363765716553,0.013043089127786
VKRWKKWRWKWKKWWK,0.8555316925048828,0.4131425067339376
PLPFPRPGPRPIPRPLPFPGPRPIPRPLPFPRPGPRPIPRP,0.8564611673355103,1.2277663235643093e-06
GFCDPICNQIEGLSGRCRCRGSFIKGGGYCGGVRIKCCYG,0.857811450958252,5.029899327724579e-06
ILKSLLRGAKAIYRGARAGWRG,0.8580256700515747,0.01401508063863069
RWKKWWRWL,0.8589479923248291,2.8237547053551097e-05
GWKEKLGKKLEGAGRKVDNVFTKIPTVIEQAK,0.8611571788787842,0.0001839551739008791
AKKVFKRLGIGAVLKVLTTG,0.8612183332443237,0.00018692594879541244
GSLIIGCRATHKKCYDSGKNYSYCRARGGRCQRMNLCCRTTQRC,0.861292839050293,2.7808415606081094e-05
VDKPPYLPRPRPPRRKFNRF,0.8642685413360596,1.4546100424059012e-07
KFHELKKIISKLFNHLIKILS,0.8705663681030273,0.03340910309542527
KRIVQRIKDFLRKLASLF,0.8729616403579712,0.27651949490093974
RWLWRRRWLWR,0.8738678693771362,0.10635995103808925
GKLDFKTMDKFFRASKDIAGKLKNSAQCKLSGTC,0.8738739490509033,4.772798570741729e-06
LGNFLGGLLKKAAKAVHKSINAFLAGAKQ,0.8759322166442871,0.42220934949221084
IARRALKASLRLLAKLA,0.8766821622848511,0.00021568652810416547
IGKILKIIKKLIKAIIK,0.877926230430603,0.3293262365452342
LKKLARILKKLCRI,0.8783988952636719,0.378575855101218
GWIKKIGKRIECYLRKKR,0.8788673877716064,0.00026330179594839955
RFRRPIRRPPIRPPFYP,0.8789981603622437,1.1644254821640818e-05
RRWQWRMKKLGA,0.879950761795044,0.0030337452897120144
RKKLAKLKLKLKLKLKL,0.8802002668380737,0.008959030540902128
VNRHKVAKKLRKKILKGLISL,0.8816940784454346,0.031397622815048626
WRRPIRRRRWPIRRPPIRPPFYR,0.8839645385742188,6.459906218466125e-06
RFRPPIRRPPIRPPFYPPFRPPVRPPI,0.8851158618927002,0.0009424414293316918
GYRIIKKTILPSAFKAFKKFVRKKWKK,0.8861993551254272,0.3989699250900558
LKKLARKIKKLL,0.8868324756622314,9.890092852435265e-05
VRPVVRPVVRPVVRPVVRPV,0.8870891332626343,9.860516638442502e-08
HTCHFRRRPKVRKFKEKLWKEGWKEIRRI,0.8879714012145996,0.023851597862897103
KKPPQFMKFLKKILKLIS,0.8907707929611206,0.0038294463796648133
RWAKWAWKWYKK,0.8936083316802979,0.003813305592723611
WRWWWRWRW,0.8942116498947144,0.21722588515364114
FLPKMPKKLQFGIPFKARCKGRGLRKC,0.8951168060302734,0.007810387242044194
ELLKALGKLLKKLGPHLIK,0.8962314128875732,0.4153951667669056
GIKKWLHSPKKFPKKFVKKIMNS,0.8965359926223755,0.35446668522015834
GFGLKLRKKGRKVGPNALIKGLASKIAGYAQATGK,0.8975499868392944,0.4841489570269805
RRWFWR,0.8976844549179077,0.004129516101036234
EKCFQWTIYEECRRWVRDSIKAGSIKIRAGLPACVSATCCPGLLR,0.9000265598297119,0.0037582471296747325
KLLFKLKFKKCRNSKKNTFLNSCRKFGPAIAGHID,0.9011937379837036,0.0010630365448757717
RQILKWLDKWLKKL,0.9017481803894043,0.17827790725777826
RGLFKKLARAIKKGFKKGFKKG,0.9022655487060547,0.36724063623926473
LNLKKLLKVAKKIL,0.9023678302764893,0.4465239553295579
ARKFRKFFKKLF,0.9027336835861206,0.00020305081850496715
VAKKLSKLLRKLRKIAKKI,0.903028130531311,0.374731764692737
GIGKFLKKAKKFGKAFV,0.9031100273132324,3.710403308734738e-05
RRILILIKRKR,0.9038759469985962,0.034785920726877285
SIGRRWQWRRPPRLPRPRIPRPRPPRLP,0.9049996137619019,1.611567087642228e-05
QLGRRRHRPRRRPSRPRRQWRRGPRISRAS,0.9053585529327393,5.80377636382559e-06
LKKLACRLKKLACRLKKLACR,0.9062633514404297,0.13925487844479786
KIIRKIIRKIIKK,0.9063907861709595,0.3929969080589659
ILPWKWPWWPLRR,0.9075349569320679,0.0011736467468578126
HGIGSALKKLAKKVGATLGARAKKFGEQPGSQACNVKDVPNSKPE,0.9109854698181152,2.7123184782924514e-05
LRRIFRKIAKLIRK,0.9117289781570435,0.318748211622651
VVDGFSQNHWIGLNIGRRFKAICHPQYSKF,0.9119104146957397,0.00035873337750029163
GLFSVLGSVAKHLLPHVVPVIAEKL,0.9129893779754639,0.44778554819909294
KRIVWPPPFLPCLRRIFWK,0.9170364141464233,0.0003682046593885785
GIGSILGVIGKGLKSLLKGGAKTLVKVAKETGKTLAGEL,0.9175134897232056,0.4167741248966358
FRLPFRFPPIFPPFP,0.9179868698120117,0.04018927841415971
LRSKIWKEVEKVIYKGLKSVLDSVKSITGG,0.9204535484313965,0.01508514011770462
LIKIIWKYLKWLR,0.9217749834060669,0.3220428540416433
CVVGECERRGGRHCYRGLCVQRCGRTCLNGGYCNSGNFTNCCNW,0.9227173328399658,0.00030668634215064947
VRRFPWWYPFLRR,0.9227982759475708,0.016615496039204376
LRWTPTPSYPRYPTRSRGSRWSR,0.9234857559204102,0.015324015916397276
GIFAILKTAGKAMHSLINRQQKIRNKLTGRASHSL,0.9236940145492554,0.01233557038889485
ILPWKWPWWP,0.9248894453048706,0.009358838851849176
WNYGVCRRRKSCVRRYCVCR,0.92676842212677,0.0019595474260264843
HAKKIIKRIIDILSKYG,0.9292341470718384,2.0126898483059532e-05
IIKKIIKKIIKKI,0.9294315576553345,0.33446286945208453
GFADRLKALMKAIGKTLECFAGKIATGKPK,0.9298936128616333,0.04757333878748378
GLLKIIKTLL,0.9302011728286743,0.3970315785706747
GLKALKKVFAAAKKIL,0.9312088489532471,0.4350920877362804
IFHHIFKGIVHVGKTIHRLVTG,0.9335869550704956,0.34560833054121826
AILRKKARIAVFKFLRR,0.9344885349273682,0.0732055114913526
RWFKFPGRWLRLWL,0.935718297958374,0.00201577588147382
RVKRFKRFKLYVAFRPQIKY,0.9373157024383545,0.10498042768043389
RRWDWWWRWR,0.9376863241195679,6.948452721916058e-05
RLLARVVPVLAECLPSLICRRLDGSCARGDCCTPS,0.9378025531768799,5.4730224269354775e-05
GNWKKIASIGKEVLKAL,0.9403035640716553,0.4393880132275021
KWFRVYRGIYR,0.9413909912109375,0.002729489422739975
ILPWKWPWWPWAR,0.9429787397384644,0.1072574473858025
ILPWKWPWWPW,0.9440386295318604,0.33456046007772344
KWFKAIRLIKESQKILKKW,0.9451199769973755,0.10488990139148138
ERFFRPLERQIARITFPPIPIGRF,0.9459500312805176,0.00029495025797326573
GLFDVIRTVGKLLDLIASKIRN,0.9485830068588257,0.18722393469518916
KKILKWKSKWWKLI,0.9488315582275391,0.25088726211827517
GIKKIIKIIKKI,0.9521812200546265,0.21799217802616963
KIKWWWWRR,0.9529596567153931,0.429789814162491
WRWWWRW,0.953961968421936,0.2936058638427896
FLHSIGKSIGKALRRLKNLL,0.9541680812835693,0.2544642431788862
LNALKKVFQKIHEAIKKI,0.9549719095230103,0.40462475170519496
TKNYGNGVSCWATKTWNPKAGKNITKSILSANIDWPSYFGGVKCR,0.9556592702865601,0.0006549397639919774
KKLVKKLLKKLLKKL,0.9559239149093628,0.1075128759370851
FILRLIRKVIK,0.9560482501983643,0.32915854095774805
FKRIVQRIKDFLR,0.9562090635299683,0.37144019353064084
GFKVTYRPILGPQKPRPIQFVCRHFQNGQCS,0.9572590589523315,0.00021487936479521862
FLGKVAKKAWKAAKNVFPAVFGKV,0.9573638439178467,0.13011074314148538
RKKAKIGRLLRRLL,0.9574023485183716,0.00013693175925356366
GFPCKLWYKWQSVGRFLRGAVHTGKTYYQVTALRPGKEYVNGEW,0.9577099084854126,0.0056622003622849885
GFLSIIRKLAACFLASKK,0.9593062400817871,0.4112185353615751
ALWKKILKHIAK,0.9601972103118896,0.2350339749436484
RKCVRVQLIKNGKKITAF,0.9602532386779785,4.3008628280349505e-07
ARRRRLLQYLRRASFRALW,0.9607682228088379,0.0001815104488417547
FLKKVFKPVEKLLNKIQGLH,0.9614424705505371,0.38137324038974285
APRRQLKW,0.9625916481018066,3.600244731360554e-07
IKWKALIIKILK,0.962794303894043,0.4743602649667126
ILGMKFWWPKWKFR,0.9630486965179443,0.32612025001744543
YCGRRCYRLRCYCRAGRCYS,0.9632768630981445,0.08106018886283767
LARLRGRLAGLLKRIRK,0.9680507183074951,0.0011284385803528032
KWKKWWKKWWKWKG,0.9687705039978027,0.26792081997101236
GKSYRRFRWKFKGKWFFGG,0.9702152013778687,0.022001028044266888
GSKKPVPIIYCNRRTGKCQR,0.9754352569580078,3.6178509913951285e-09
ACSIQGRCRSFCLRSELSGSTQDLYCPRGKKQACTTGKACCARKK,0.9756075143814087,3.346449850473333e-05
KVPIGAIKKGGKIIKKGLGVIGAAGTAHEVYSHVKNRH,0.9757933616638184,8.360557849462643e-05
ASWTVFLKNIGKAAGKAVLNSVTDMVNQ,0.9759646654129028,0.00034406198194789935
KCVISSGIPQRLRLFTRGGLRDITKHLIVSFRYGGCCSHAHDHCK,0.9764196872711182,0.0010799303274509878
GLFGRLRDSLQRGGQKILEKAERAAHRIYD,0.9765386581420898,0.0052326261681581564
GLLNTFKDWAISIAKGAGKGVLVRLTDSALERLACKMSGDC,0.9766958951950073,0.0006845119160959546
RFGRRLRPLFMRRIRLRL,0.9790021181106567,2.722101126916055e-05
FFPIVGKLLSGLLG,0.9790992736816406,0.2912968735723718
SVLGTVKDLLIGAGKSAAQSVLKSLSCKISNDC,0.9794497489929199,0.21423147269905154
VRKPPYRRRPIRPPRPPFRR,0.9803777933120728,7.455632580783838e-06
KIAHAVKKFAALALPRLFAL,0.980942964553833,0.49157694150375775
GLFPKFNKKKVKTGFIKNIIGTIGGPLKSLVPL,0.9829158782958984,0.4077679626626401
KWKKWWKWW,0.9830950498580933,0.23967323421297584
KLKKLLKSWLLK,0.9852416515350342,0.004529213820649194
KGLGKLIGIDWLLGQAKDAGSSGSKASQLLDTKAIHQE,0.9874316453933716,0.000770504136792484
GLKEVLKALGKALGKLL,0.9877170324325562,0.041904382787947766
FKVKFKVKVK,0.9902671575546265,5.443009676375093e-10
RKRMKRVKKFL,0.9904975891113281,0.38857094498834466
SRSSRAGLQFPVGRIGRMLSG,0.9905592203140259,5.550320662453389e-07
AKKVFKRLGVGAKLVSLAY,0.9916512966156006,9.258552463416415e-06
TLFCRATNRAGTSHCLEKGLCIISRRCGKECLLGGPGTLIGCCPRS,0.9933910369873047,0.00041485087357060515
IGKALKKIGKALKIGKALKKAGKAL,0.9951615333557129,0.4927365818347843
KKLHVTLSKKWRKALLKAAAKAALNAVTEIVPV,0.9961663484573364,0.0027751874168193643
AKKPFVQRVKNAASKAYNKLKGLAMQSNIQSAA,0.9995148181915283,0.0025477286271439444
GAGIGPGLIKAIIRIGWEEFKTRLGPASAVMRKGLGKEMACNWHARQ,0.999725341796875,0.29935423185319837
GFGSFLGKGLKKVLKPGSSVIQTTNDIADLINKIK,0.9998738765716553,0.4771831508979335
WRIWRIWRIWRI,1.002003788948059,0.009401112685777186
SGRGKLQRFGRKARVVWKIARQE,1.0020365715026855,0.004146028752628787
ISRLAGLLRQLLRETGK,1.0024380683898926,1.4736628995731803e-07
LHRFAKLRKKLAALAKKL,1.0026473999023438,0.02095399007261072
KRKKHRCRVYNNGLPTGLGRW,1.003929615020752,6.369043229890935e-07
LKKKKFLKRLL,1.0067564249038696,0.038229153977189886
RRRRRFRWF,1.009158968925476,0.2280583650969489
KGKLWLKLGAKLK,1.0095432996749878,0.0030484373891883137
GILGDFFKKFKKTAAKSFKKGLSDLNAFKQAGVGIHGAKDKNHPRIK,1.0106565952301025,0.0053582275634110514
VKFSPKYAPGLPTFLKTLKNL,1.0122721195220947,0.00011860627647203869
GIKRGIIKIIKRIR,1.013765811920166,3.473696507444224e-05
RHRHRHRH,1.0175427198410034,7.283756294944838e-08
RASVYAYFRVRGVRVMGTWPVIHRIHG,1.0182760953903198,0.0011345161179610295
VRRFPWYWPFLRR,1.0186203718185425,0.0065499864411915935
RKCVKVQLIKNGKRVTAF,1.0190434455871582,1.502417533820165e-07
GKKYRRFRWKFKGKLFLFF,1.020010232925415,0.36996929443330645
GIHKILKYGKPS,1.0222822427749634,5.929078124952255e-06
GCHTAPGFCRGLCYKLRASCGFRDKWSVCSRFGGCCRLGNN,1.0235662460327148,1.2934964001488261e-05
GIRDVLKGAAKAVAVGMNLYKCKANTGQCRR,1.0240190029144287,0.023650356690449965
KKKIKVIKLLI,1.024306297302246,2.3422805587852726e-07
FAKKLAKLAKKLL,1.0290000438690186,0.3600156567396407
GVLNTVKSLISTVKNTAQGAALSALSALSH,1.0290111303329468,0.006570925971895027
SWRRSYLRRPPRRLLWYE,1.0290961265563965,0.015363474500817273
IRIRRRRFRIRV,1.0297709703445435,5.347553947738715e-07
AFCAKLHKRKIKKCNNNTCLCRNSGQCGRKKRRC,1.0317736864089966,0.0001946035708710998
RGGGLFKKFFKKAKKFGGG,1.032072901725769,1.3334430444559294e-05
FPWACVWDIARCLPSAAACGHTCRRQIFCTGSCRSFFRCCYNK,1.0354105234146118,0.0013109628121228203
ALGKEVLKNALKFALKAAKKAW,1.0362612009048462,0.36242034641797116
LTGRSGKIFKKIRVKYM,1.0367934703826904,0.3091612015824581
FIKHFIHRFGGGIKQLLHFFQRF,1.0382274389266968,0.05403752460935203
KACKRIGWIIAKCCRG,1.0383448600769043,1.170977642362133e-06
RGGIKFPVGRLVKKIKGLLK,1.0403081178665161,5.535326740207765e-06
RRIRPRPPRLPRPRPRPL,1.0417418479919434,2.039641065459785e-08
IKRIIKKIIKKIIKK,1.0424394607543945,0.005006819779158761
AWKKTIRRLVKMFI,1.0437676906585693,0.000544325097180097
LFEEIRKRIRNYIKNLFGV,1.0444351434707642,0.00011894530954200529
GFWGKLWEGVKSAI,1.0447676181793213,8.298227718767973e-06
FRHHFKGKRKFRQKFHGSAKSRQR,1.0448740720748901,0.008114741048013437
RAKKIVWISWRR,1.0449271202087402,2.792258343045031e-07
AAKAWGKKALKHLLKAL,1.0452533960342407,0.0009466685970205435
RSARAPVRNGGFRPVRRPGFRIH,1.0467981100082397,1.4523444594259143e-08
KKLLKFKKLQ,1.0483472347259521,1.7775930479453076e-06
GIGKFLHSAKKFGKAFV,1.0491503477096558,0.25174180763854653
KWKLFKKIGIGKFLHSAKKF,1.0501004457473755,9.415383384740874e-05
RIIRPIIQIIKQIIKQIKK,1.050257921218872,2.9502812315519628e-05
IRRWWWRRIA,1.0506354570388794,0.026154850593055938
AVRGRWQWRWRWR,1.051247477531433,0.0005903539867027573
FWGLKGLKKFAKKL,1.0539939403533936,0.005521703452347036
KRIVQRALKAWRKAK,1.0541411638259888,0.37452327357373494
GIGDILKNLAKAAGKVAGKLL,1.0555530786514282,0.36578259963733045
FLPAVTGLASKFCPQTEACVHGKCYEPRKLCYCRRRVCYCRRR,1.056588888168335,0.0004891067770309516
GIFPKIIGKGIVNGIKSLL,1.0569785833358765,0.10071780924656995
GWLKKAGKKIENAKTKVKAWIAG,1.0573875904083252,0.318883397363301
GSTFRCFLGEWLQSAKAGCQVLGEIVQYG,1.0578356981277466,0.001637435380089109
GLGTTILKGLKSALKNAAKIAG,1.0594515800476074,0.0008522734752185312
KKVVFWVKFK,1.060110330581665,5.765841901290024e-07
KLKLKTLLKKLF,1.0602294206619263,0.05452082768664289
FLSLIPHAINAVSALANHG,1.0612680912017822,0.10114657991950131
RFRPPIRRPPIRPPFYPPFRPPIRP,1.0615617036819458,0.018724994049539388
LRLKKIGKVLKWI,1.0617820024490356,0.41331266339937434
RRIRDKIRALGGLIVDLVGKIPDTIG,1.0626715421676636,0.0004640752664209522
LRRLRRRWWRRLRR,1.062700867652893,0.00018085151879734048
LRLRGRILRLSRR,1.063312292098999,3.981132377102894e-06
LVTLVFVGGGWKWKWENGKWKWKW,1.0653802156448364,2.5327193838037598e-05
FKRFKQFWRFGRMSLPSC,1.0656524896621704,0.25106229791317897
FIHHIIGGLFSVGKHIHSLIHGH,1.0668292045593262,0.002002528885855504
KRVKKFWPLVPVAINTVALYR,1.0687994956970215,0.0003420272581247544
GLKDKFKGMASKLLGKALDKFLNSAISKID,1.0699195861816406,0.30263050617570547
KKLLKVVKKLL,1.0710217952728271,0.22577328844758957
CFLPKLFAKITKKNFCPSIISSASACDTAGRCLAEFCSTSGCRRPDY,1.0719894170761108,0.08785647869631251
GLFAVIKKVASVIKGL,1.0729891061782837,0.3946887974275507
FKATLWNMAKSIFGKI,1.075203537940979,0.27589775199968314
AVLCSILKWAKKFWKSFGK,1.075596570968628,0.283958918723583
FLSCIHKLIRQYLSKIWECK,1.0787482261657715,0.02438662311535515
VQWRIRIAVIRK,1.0793689489364624,4.815268588309116e-06
ILPGRWKRWVWRRRW,1.0794092416763306,2.691316259985938e-07
SSGNGGGLLGLLLRLLGGLA,1.080552339553833,0.029482544495600088
RFRWPIRRPPIRPPFYP,1.083828091621399,0.0005760436006662136
VFRLKKWIQAII,1.08420729637146,0.3450050422637032
RWLRKWTRKWLK,1.08477783203125,3.885976394265394e-07
LVVAKANTNALYRLARAGLDKLDNSSLGRPACSLFGS,1.086425542831421,0.006608624716515041
RIRWWWR,1.0865752696990967,0.14427266690778637
GIGRFLHSARRFGRAFVGEIMNS,1.089393138885498,0.020734315050390983
RLWLAIGRR,1.0896905660629272,0.008530868496840375
GIKRGIIKIIKRIIKYIRG,1.0907949209213257,0.16621827693247213
GFGGWLGKILKGIGKAL,1.091289758682251,0.43030769094894805
GMASKAGAIAGKIAKVAWKALGGS,1.0937490463256836,0.358326891477889
RWLRLNGRWLRL,1.0939117670059204,9.79247728832001e-07
FPKLPKLPWKWPCK,1.0947144031524658,0.0007322164119760047
KWRRWQRWWQWI,1.0962917804718018,0.41181474227882137
KRPLILRVRATLAAALNPAIRPLLCL,1.0978000164031982,0.0016652161299823443
RFRPPIRRPPIRPPFRPPRRP,1.0990711450576782,3.0570525700021866e-06
GFMKYIGPLIPHAVKAISKLI,1.0997285842895508,0.47338441917053914
GTPWCGERCFYKECSWKGGQIGCISPCVIHGCKSGGSQGFKCICRK,1.1005178689956665,1.8724641024263688e-05
RKCVRVQLIKNGKTVTAF,1.1024023294448853,7.238241391304249e-06
PWRLRLHL,1.1028634309768677,0.00013637290958780417
LLPIVGNLLKSLLGWAKAG,1.1030634641647339,0.38664483956393514
CKRLKKFWRFKLFKK,1.1033258438110352,0.006174430752267495
RKLLDFAKHVWKRVRNS,1.1045936346054077,0.3129866702043331
ATNIPFKVHFRCKAAFC,1.1056114435195923,8.951427335482674e-07
LLGDFFRKSKEKIGKEFKRIVQRIKDFLRGARLFNKIKQR,1.1056679487228394,0.276534106156378
DCHIGLKQVGIYKWIKLKLNQIKNFIKAINGTNTVRGNTQS,1.105992078781128,0.360102274090304
GICRCFRRRCRLGVCRRRC,1.1077258586883545,0.0002849723488879595
GVIGSLLGGLAKGVAKGIGKKLL,1.1094805002212524,0.3651520107026011
KWKIFKKIEKVGRNIRNGIIKAGPAVAVLGEAKALN,1.1097763776779175,1.5697544348642082e-05
KKAFAAAAAFAAFAAFAKKKK,1.110493540763855,3.728621916819419e-05
ALRLAIRKR,1.1158219575881958,3.777828657204805e-08
RLARIVKIAWR,1.118393898010254,0.0006247175018494022
ARWWRWWRWW,1.1184875965118408,1.0747627720529026e-05
EKLGKDKKHLETRAMTKDNPQEPEGQGRSHWIPLSDYRRGSHP,1.1197134256362915,0.0001175258792874991
RFRPPIRRPPIRPPFYPPFRPPIGPPIFPPI,1.120221734046936,2.8325773744002857e-05
ILKGLAKKFVKKLKKQF,1.121241807937622,2.7939727052307786e-06
RRWQWKWQWR,1.121376395225525,0.0014612414072876204
KIAKIAGKIAKIAGKIA,1.1214680671691895,0.3694771585515636
WPKVNVSILKGILGKILGAL,1.121623158454895,0.42412050228731696
LPWGCWEDDFAGCKKLTCPPNQRYCGGYCRGLQFA,1.121713399887085,5.032911647611836e-05
RLWLAIGRG,1.1219383478164673,0.028848354982244
LKIAKRIIKIL,1.122604250907898,8.37466018410135e-06
GAKQALKVLKRLRGLGAALRALKSL,1.1244903802871704,0.0016715891412541705
EIQKGLKKIVQRIKDFLRNLV,1.1298953294754028,0.024538730267560413
LKKICKKVLKKI,1.1313166618347168,1.8062585467063147e-09
AANFGKAFCNRIGGHLCRSTNCAATGCHFGH,1.1324496269226074,0.00014395779946944272
GLARALTRLLRQLTLRLDRD,1.1343470811843872,1.361144092148243e-06
CKRLKKLFRKRLKNLKKKI,1.136666178703308,9.887295933044806e-07
AGRLQGIGKAFARIKKYGRPS,1.137062907218933,1.1040540767087891e-06
LRRIRKKIKKIFKKI,1.1378272771835327,0.0005301196813535911
RVLSAVSGLLNHLG,1.1395829916000366,0.00020965302425722608
FLPGLLAGLL,1.1408851146697998,0.011857730768349957
LPLIAGLKAAFKVMLK,1.1414889097213745,0.29401691718139245
ARKKFRLRLKL,1.144370198249817,2.158649121857131e-09
FRNGVKTFLRKVTAPKLPSRLG,1.1457799673080444,0.000405611451457814
KLKWLWKW,1.1463693380355835,0.0007975135974879607
GVLPGVFKVASKVVPSVVSKVTGKVC,1.14667546749115,0.29445192436137024
GQLNKFIKKAQRKFHEAIRHIGKH,1.1482712030410767,0.06763544880535687
VFRLKKWIAKVI,1.1486438512802124,0.25464317193841357
PKILGKVWLGIKSLF,1.1487237215042114,0.4319215261177127
FLGWLFKWAKK,1.1513172388076782,1.2617501311433315e-06
WRRRFRRWRRWWRR,1.1515599489212036,0.005455943302834218
RWKIFKKIEKMGRNIRNGIVKAGPAIAVLGEAKAL,1.1530877351760864,9.318907679064114e-05
LKKLFKKLQKLIAK,1.1534632444381714,0.2066277090935895
FAKKLLAKAKKLL,1.154281497001648,0.3853250510753369
AKLWLWKLLK,1.1544698476791382,0.3870351663325134
KLKFKKKKLQ,1.1547685861587524,9.0969624642007e-08
HGKTFLRKAAKLAKKLAKLAA,1.154981017112732,4.135343479362265e-05
ARIVKRFRRLF,1.155143141746521,1.0158915766935858e-05
SGQMESLQHMTCRSCRLFNKGESQSCQTRCRVGGSCSIVGSRSTCPRSK,1.1570013761520386,0.00033074248109681394
GLLSVLGSVAKHVLPHVVGVIAEHL,1.1576149463653564,0.002919723701019827
RFRFPIRRPPIRPPFYR,1.1584163904190063,0.00024170960427159562
KWKVFKKIEKMENDKCKITSRFEGLFELFRSG,1.1620129346847534,0.4048791331939598
QLLTLFRLALRAGLGELIQYFQDKFRRA,1.1620441675186157,0.49228779428025854
GLRKRLRKFRNKIKEKDKKIGQKIQGLLPKLAPRTDD,1.162248969078064,8.53210623513229e-06
IWGRNGLGSDNGKGSIKRIFAGARNYLPQRKP,1.1624513864517212,3.812209591920134e-09
GDVFASIGTILKSLLKGIKSLI,1.164332389831543,0.3623513116427445
GILNTVGYSLLKKTLKKINKR,1.1646474599838257,0.000400519107680417
GLMSLISTAASGILPTGFSPKVQSHLAKHIRQAIKSG,1.1657367944717407,0.49339119166630496
FFRKVVKLIK,1.1663460731506348,0.09077162656792297
LKKAAKLAKKLAKAALKLLAKA,1.1666926145553589,0.4705644490238905
LLPWKWPWWL,1.1669139862060547,0.0032605393218761904
YGRKKRRQRRRSISL,1.1678030490875244,1.3824942535310528e-09
HLAPIRRQAPPPPQYLPFPRPGRPFPKPFPFP,1.1739832162857056,1.5227131618455638e-06
FLALLKRVATSVRKRL,1.1743197441101074,0.02618696484996594
RWKRKIRVVPIRRL,1.1744917631149292,1.5603082607618058e-06
GLLKRIKALL,1.1750552654266357,0.03306423062842671
FLRALFKVASKVL,1.1755046844482422,0.4090041981158148
LRLRLRLRLRL,1.1755987405776978,0.33999075330456513
FVKRFKKFFRFFKLFAG,1.1757606267929077,0.2829917603628491
KEFKRIVQRIKDFLRNLV,1.1791493892669678,0.2620754554616262
KKLLLKKFKKLQ,1.1806044578552246,0.0008028450637842293
LKWIGKKIWRVGWNWR,1.182003140449524,0.0013958936071014406
TPFKISIHL,1.1833280324935913,0.2149211279679162
VKRFKKFFRKLKKSVK,1.183895230293274,0.2320715062748352
LLKKKKFLKKQ,1.183982014656067,0.4054654938386825
GLLWVIKKLW,1.186360239982605,0.4338107771393203
ILGEAWNAYKKLF,1.1866778135299683,0.00972098456927139
GILDTLKQFAKGVGKDLVKGAAQGVLS,1.1868996620178223,0.06985002891372771
FFPWLAGGIGSFLHCIDPGFCGPIYIGPNTMC,1.1869219541549683,0.00010652243318743827
GIMSILDDVKKAAKHIAGLAANQLR,1.1897321939468384,0.005565794036647949
VQLRIRVRRAVAVI,1.1901525259017944,1.0603068086565388e-05
WPKWWKWPWKR,1.1903597116470337,0.002648845313952146
NWRKLAKKIGKAALGAV,1.1916813850402832,0.4910184905985171
KGIAASLLKKLAKIL,1.1925848722457886,0.3077979483595944
GFGCPFNENECHAHCLSIGRKFGFCAGPLRATCTCGKQ,1.1926186084747314,0.000207423492962145
SREAQGKPRKLKRAASVVNTVFGFSLKAPRP,1.1937501430511475,3.857142947987699e-07
GWWKGVLGKIWK,1.1958647966384888,0.28610448007402217
FPKLIPIHAGKLWSLIPKSIS,1.1958740949630737,0.0006625329693483382
ILAPIVGLLKSLL,1.1966732740402222,0.22236207069485053
RWRLLLLKKR,1.1978827714920044,0.40219624283559674
GIGFILGALAKHLLPGPRS,1.1996551752090454,0.037011779273446954
PRFRWRIRI,1.2009223699569702,5.168866183958058e-06
NLCASLRARHTIPQCKKFGRR,1.201790690422058,9.139674279608924e-06
KIKRGIIRIIIR,1.2028311491012573,3.606589866737162e-05
HKKLKKLKLKLKLK,1.2033354043960571,4.070282428596401e-05
DILIIVGGKDRKKRRR,1.203519344329834,1.3435335572890583e-06
RSARAGLQFPVGRIHRLLRK,1.204027533531189,1.2357929394068044e-09
GWASKIGQTLGKMAKIGALM,1.2051481008529663,0.23138001535928981
KGWKKFFKKAAKVGKKVG,1.2081207036972046,0.0011079816885296344
LIAGLAANFLPQILCKIARKC,1.208278775215149,0.41022772325721385
VRRYFPIPVIRRVIQV,1.2090450525283813,7.407351232236904e-05
WLNALLHWLNGGGLFK,1.2091455459594727,0.04067437257878329
KKVKPFLKPLLTSAKKF,1.2100251913070679,0.35060598564900425
NLASLRARHTIPQSKFGRR,1.2100403308868408,5.6754642216823604e-05
GHTGKCLLRMVRFCKNITCPPQNGFCGSVLNGGCYCP,1.2104823589324951,0.250468278178179
VRTKRRIKLIK,1.21084725856781,0.325216398015323
LSCTASGFTFSSSWMTWVRQAPGKGLKW,1.2109721899032593,2.3252750200828705e-05
PWRLSLHL,1.2111235857009888,0.0013538829635358744
TCPKGLVYSNVVGCVCRAGAVCCTRTGGLCCS,1.21337890625,3.8684983270890034e-05
LCAAHCLAILRR,1.2134000062942505,2.78092430839587e-07
GIWDSLKNVGKAVLGKVLENVKAS,1.214465856552124,0.0005157914398941559
HNENHQRRRHMSHGRRRG,1.2171951532363892,1.9023154161050313e-07
WFRLYRAVYRRR,1.2190537452697754,0.0068671821370623635
KTCMFRSAKNWWKGKNMATGLVDEIFGK,1.2212024927139282,0.3263684434451437
VRRFPWWAPFLRR,1.2220278978347778,0.006133237031737974
FKRIVQRIKDGLR,1.222371220588684,0.1547377863854013
KVIKKIWKKVIK,1.2238887548446655,0.3162445076409736
KKKWKMRRNQFWPTIIPSDRF,1.2261773347854614,0.1950716346601072
KAKRHRKLLKKLMKKKHQ,1.2262309789657593,0.2696195602079218
IKLLCRVHKK,1.2266913652420044,1.343778457363266e-06
GLWQKIKWAAGNAASSTL,1.228440284729004,0.00010697836973751406
KLLKKFLKKQ,1.2286322116851807,0.00025567319187545974
KVKLFKRLEKLFRLA,1.2300894260406494,0.0019280218538770897
ALWKKLLKKL,1.2311517000198364,0.21860231546678982
WWWLKKIW,1.2316566705703735,0.2296711798109148
RLRNKITKIPQWIIWIRR,1.2335022687911987,0.367749122300869
GWWRRTVAKVRN,1.2336076498031616,8.223250134792045e-07
GNWRKIVHKIKKAGKK,1.233715534210205,0.0008368176077726025
WRNWRNWRNWRN,1.236324429512024,0.006897773447564931
FKRMVQRIRDFLR,1.2369755506515503,0.4282158420060301
FRWWRR,1.2381401062011719,0.0005163852647059357
FFWHHIGNALIGKAGKTL,1.2388228178024292,0.18954212895144504
LKKLCRILKKLCRA,1.239456295967102,0.0013100727578433645
DMLKKLLNEIKKLA,1.2409580945968628,0.48565140032583254
DFGCKFLIFKCC,1.241411805152893,0.0016833131703959765
KKPKKPWKPKKPKFPK,1.2415353059768677,2.9625410246102885e-05
RIKRFWPVVIRTVVAGYNLGKI,1.2433098554611206,0.4224360750595166
LTCDIFRLTKKYRCI,1.2433899641036987,0.027008391908792628
YRRWWWRR,1.2435294389724731,0.019218842229304752
GLLKWIKTLLK,1.2437740564346313,0.003917545495008392
FWRIRIRRR,1.245202660560608,0.010186129523265119
FFPIIGGLLSGLL,1.249277949333191,0.31862954006532296
LDCTKTCVERLDYIRGYIDVNTEGKLLLRYARLRL,1.250447154045105,0.0022626796713471923
RPPHPPRQPRTRPRPR,1.2558953762054443,9.605400656021834e-07
LVKRFKKFFRKLKKSVKKL,1.2566951513290405,0.3233780098211772
PRASRPRPLFFLRLRPARR,1.2570652961730957,1.2915482023502356e-06
WWWLRRIW,1.2596409320831299,0.44235643071996167
VIKKFLHSAKKFGKAFV,1.2609035968780518,0.31055535033245835
VNGLLHKIYGNIRYS,1.2615156173706055,0.0012860512800874017
RKKFRKVLKRLH,1.2629371881484985,2.0597488977346288e-07
GLFDIVKKVVGALGSL,1.2630404233932495,0.3705207769503747
RLGDILQRGRKIIVIKRIK,1.264609694480896,0.0007367648217796538
AKRAKTAAHPGIQGLVAVAKLI,1.2653769254684448,1.3241021172133443e-07
RLARRWARILR,1.2663825750350952,2.460970269976528e-06
GEKLKGIVKKIKNLFSKL,1.2685383558273315,3.586875382086677e-07
VRLASALGRLARRSPSP,1.2687535285949707,3.210003408183839e-07
ENLKALLAVGKLTLKSVLR,1.2697563171386719,0.0007775152531522758
KWWKLLRKKLR,1.2704659700393677,0.00015810773061641326
FIKWRFRRWRKRLKK,1.2725814580917358,2.6605612739736503e-05
WIAPKTKVIPWVKYL,1.277156949043274,5.496170152127086e-06
KKAAHVGKHVGKAAL,1.2799490690231323,2.305755919448534e-08
RWWKIWVTRW,1.2800074815750122,4.2738672770837964e-05
WWRRRRRRR,1.2804378271102905,0.00275068640952961
GIINTLQKYYARVRGGRAAVLSALPKEEQIGKVSTRGRKKVRRK,1.2879213094711304,0.00019580249457188133
AKKVAKRIWKSLPACKKPLKNIP,1.2882201671600342,5.718592838596452e-06
KMDPFQQRMKKTMENSNPLIRRNAKEDLAAAGIGRIGRKISEGIR,1.2893489599227905,0.0003105013804588233
RRPRPRCWIRPPKK,1.2903622388839722,6.589764665953728e-08
KLKLKFLKKQ,1.2919474840164185,8.497313426577443e-08
VKRFKKFFRKLKKSVKK,1.292023777961731,1.0238539500845761e-07
GKKYRRFRWKFKG,1.2947977781295776,0.4100791504086568
RWKRVWRKVKR,1.2979973554611206,1.8556229945275153e-07
WAGSAAIGALLPSVVGAFQKKKKKK,1.3013638257980347,0.004983928194743683
GILSSFKDVAKGVAKNVAAQLLDKLKCKITGC,1.3023055791854858,0.3300875683989763
FFQMRHKIIHSIGHAISRGF,1.3023618459701538,0.018273405605722635
GLTRLFSMGLRRLIRPSIETLMQQYDQY,1.3025990724563599,0.35311790337197535
VRFKIAKKIIKK,1.3026846647262573,2.3480661006677514e-07
KLSPSLGPVSKGKLLSGGRRK,1.3029683828353882,0.49785530245927667
GSALAALAKKLCRLLPGAI,1.3033831119537354,0.022297265086877033
RKMRRKIWNKLLSGIR,1.3044577836990356,0.0007918156100672341
GLLKRIKNLL,1.3048454523086548,0.0010029794971323953
ITIPPIVKDTLKKFIKGAISGLM,1.304862141609192,0.14888274123662476
LRRWIRWI,1.3058980703353882,0.0028053999402769137
GFMDTAKNVGKNVAKNVAKNVAVTLLDKLRCKVTGGC,1.305938720703125,0.07452340853920424
FIKPLFEALKNLAGKLL,1.3067302703857422,0.3362868813572915
KLLLKFKKLQ,1.3087841272354126,0.0019428626278538616
ILCKALKKVIWSAI,1.3092502355575562,0.07825171970452993
IIPFVAGVAGMEEEFCAYNITQKCYTAGCKTPYDECKYAYCNK,1.3129829168319702,9.603543555932504e-05
RKCARWQRCRNTYCVFLNKA,1.3141814470291138,0.013173474166100431
RAVRRPPHLPRPRPR,1.3142729997634888,8.423854811278874e-09
WLKLNGKPLKLFFK,1.3158270120620728,0.00011926136926501946
MACAALRKKGRCLLGECRVGELCCTRPE,1.3160417079925537,0.00039347911007994935
LKKLCRILKKACRI,1.3167307376861572,0.28529019266214406
KRIAQKIKDFLR,1.3169251680374146,1.0861834205771148e-05
KKLQGLLKRLRKRIQK,1.3170238733291626,0.01970065668667951
FFPIVGKRLYGLL,1.3211027383804321,0.11696076343994545
VWPLVIRTVIAGYNLYRAI,1.3228298425674438,0.21519599389226002
GIGKFLHAALGQALKAAGK,1.3238376379013062,0.001159327612281238
ARQRWWRWQR,1.323947548866272,6.614402708091296e-07
KKFVPWFKKFLHLS,1.3252352476119995,0.07455176421456439
KVVFNVLKGVGKTAIGHILGFV,1.3255888223648071,0.00807068597998456
APRKNLKW,1.3259930610656738,6.3452755657423225e-09
FLGALFKALSHLL,1.3267332315444946,0.3510659472007592
KVDPAVSKSLKLVFKTLGKAAGTSLG,1.3269444704055786,7.988817563398945e-07
GILDTLKQFAKGVGKDLVKGAAQGVLSTVSCKLALTC,1.327424168586731,0.0008686532301528208
KRPYKPKYAGYKKFAYRPH,1.32792329788208,0.02356630600881438
VKKLAKLVREVL,1.3298249244689941,8.826148918197644e-10
WRIRPRWPRLPRPR,1.3321086168289185,1.1883485807012871e-06
ITKRLLDRLNRIFG,1.3322322368621826,0.4364478627899643
QKKIRVRLSA,1.3327467441558838,5.942347007016291e-09
EGMFELLKCAIKRIGGGVVAFKPHEQIAISVSCGHKRK,1.3329013586044312,3.6672068343546185e-05
CKFAGRLLSGSGKRCWST,1.3329600095748901,0.001883791638846812
GLLSLSLGKLL,1.333558201789856,0.4083322628529431
KWLNAPKKLFK,1.3338055610656738,2.397258972113683e-05
IGDFLLGGYREGNIKYSYRNGMECTFETCPIMQIVCGRKCR,1.3338950872421265,0.0002587287782680949
GWWLRKIW,1.334612488746643,0.03578849915438192
RWWLRRIW,1.3348733186721802,0.45976126800160677
KKAAAWAAAAAAWAAYAAAKKKK,1.3352829217910767,1.0639619728888287e-06
VRRFPWAWPFLRR,1.3376504182815552,0.015476881741446959
GKLWLKGGRLWLKG,1.3377059698104858,0.0006117467354571577
KKAKAFAKAWAKAFKAA,1.33863365650177,0.30085387012950054
RFRWPICRRPIRRPFYPR,1.338842511177063,2.575426661057697e-05
FLGKVFKKVSKVFPAVFGKV,1.3409212827682495,0.19109981536968962
PFFIFNLRLRGYSVVSGAYRATISHPRSET,1.3414651155471802,0.0009143134445444928
KWLNALLHHGVHCGGALVK,1.3416571617126465,0.00026206104290469706
AIHDILKYGKPS,1.3417750597000122,2.0082195317896283e-08
GIMSSLMKKLKKHIAK,1.344607949256897,2.6372927183692464e-05
AANFLPKIFCKITRKC,1.345170497894287,4.258462235160487e-08
GIIKVIKSLIEKGLVEKITGGVKEDASFLGSTMNC,1.3463572263717651,0.05261589273269022
GLLSVLGSVAKHVLPHVVPVIAEKL,1.346893310546875,0.24686799173206417
GFLSTVKKLATNVAGTVL,1.3474661111831665,0.027400276218282126
KRGGGGLILCPPRYKCC,1.347669005393982,2.689060599149367e-06
IKALFVIATWKK,1.34776771068573,0.2314966204143566
IKYLLVKLQGLRRS,1.3488279581069946,6.633254904387025e-05
VSFPWWYVCSRFKKC,1.349867343902588,0.2742861551656013
GLNALKKVFQKIHEKIGGTPSA,1.3506711721420288,6.38033450721758e-07
FLYWRWAFRK,1.3508466482162476,0.2649039690980533
VGHNADLQIKLSIRALLAVAKK,1.3528155088424683,0.00014993866035005848
LPRGARRTLTCSCPRRKGCA,1.3529773950576782,1.3886752022525857e-07
LLGDWLKSLLKNLKK,1.3531334400177002,0.36231078166250136
FTFTHHINCPQMSGLARTFLGAMSCKGSCLNGTCYE,1.3533542156219482,0.00024113056596349427
RVCFVACKLPK,1.3563659191131592,7.040749527972201e-06
EVLFSVKYLNRGTLKALANNLL,1.3567345142364502,0.0029140320409162352
GKVVDLLKGAGKLLVGKLDVRALNKL,1.356792688369751,0.0018120056466548282
LLPIVANLLKSLL,1.3580960035324097,0.38536444688225235
ASVVLKWEPPPSFSTFKSPPSKICSGPKDFGTESRRCIRAC,1.358522891998291,0.0004306373374201292
RRWWRWF,1.3610059022903442,0.00660132616857766
VGPKTLNPVWKIFKNVVKLAA,1.3612397909164429,1.2635163412405476e-05
KKKKGIGKFLHSAKKFGKAFVGEAMNS,1.3615128993988037,0.23754708114598774
PWKLKLHL,1.3630748987197876,4.2733575242957596e-05
FWGLKGLKKFSKKL,1.3632107973098755,0.0008911464805283908
GLFAVIKKVASVIGGL,1.3639097213745117,0.4424338847124911
LPRIPRLPRYPRYPRWPRHPTIYA,1.3639541864395142,0.0010662213006355893
FLQAIGRAISAFS,1.3651500940322876,2.6011615360581556e-06
SGKLYYRRKKC,1.3657485246658325,1.676179536434954e-06
GLLSAAKAAGKLL,1.36785089969635,0.0007485323109766217
VNFLLHKIYGNIRDS,1.3679367303848267,0.00024398116228531758
GFGGGGKGGMDELKHFGNLDDEYEPEAKHPHAAIRG,1.3685747385025024,1.0493227028793934e-07
DGRLRCEAWGCKARYRKRC,1.3719431161880493,3.748244318352753e-05
LFSIIWQCRNKACCSRNDLCCF,1.3730229139328003,0.3553493637819104
IKALGEKLKKIFKIGMIQWK,1.373475193977356,0.020247335238295375
GTWDDIGQGVGRVAYWVGKAMGGLSDHYQKRYNQRKCG,1.3741111755371094,3.312360410386557e-06
LRHKVYGEIRRKAKKIFIG,1.3741828203201294,0.04266473203246678
LHRLVKLWLRGNGRQVSI,1.375146746635437,1.5661685443473432e-05
SKKLFKKILRYLA,1.376444697380066,0.3711981821240456
IAVGSDLSFHGGRLEGIFDSIKSLFSGVD,1.3814135789871216,0.0002650442079930389
GIGKFLHSAKGFGKAWLGEIMNS,1.3816527128219604,0.0018329684031109764
RYIRYLRFWRR,1.381764531135559,0.18071992270134077
PCVGDTLSSGTGAVTSEECTRHAGDGIYGGKSSYGGYAGNCNNYQKKCY,1.381839394569397,0.001852919908189645
CRIWKRLCRICKG,1.382705569267273,0.005269355939807194
WAGSAAIGAALPSVVGAFQKKKKKK,1.3831853866577148,2.2845221204894343e-05
IPAMEAAWKSIGKIIKGLL,1.3835514783859253,0.4549596561455242
AIVTAIKGAGKTTGKAILEKANKFLGKML,1.3852168321609497,0.46845174399516654
ILGKAWEGIKSLF,1.3855434656143188,0.00019564737080293037
ATLNALKKYLWKAIKKS,1.3863621950149536,0.23739009920452434
KVDPKVVAAIAQFLFKLISS,1.387186050415039,2.2921889932234142e-07
IKKFWPVVIKTVAGVLSR,1.3873648643493652,3.7536224797256786e-05
GKQFLSGGGALMLGVLGYGGKRSVPPPQ,1.3892399072647095,0.000991049739088729
ILRWWWRK,1.3904513120651245,0.052608829299520786
KKIGSLFRKGLKAIKKVG,1.391276240348816,0.00018193837167611646
AVDIRTHVISKIRHIAHGL,1.393412470817566,7.203653520078201e-07
GKPRPYSPRPTSHPRPIR,1.394802451133728,6.790768098134763e-09
RKLRLKFRV,1.3952447175979614,2.9474370544693466e-07
PHVALKPGKLKFIKTLVGKIVSA,1.3952661752700806,9.444219118524445e-06
WKWKWKKWK,1.396207332611084,1.2699344036528217e-06
RRRPIRPPWYP,1.3963183164596558,1.346986139492739e-05
ATDIDWESVTNLLKGALHPAMKIAAQSVLSKL,1.3966056108474731,7.203386433593917e-05
LLKKKFIKLQ,1.3974157571792603,8.412339756589486e-07
WKNGAKTFLGALKNLAKNVF,1.3981198072433472,5.249274071975702e-05
GLLDTIKGMALNAAASALNKLQCKVTKC,1.3981600999832153,0.43603256445521743
SAIMTSKKKRKKAFVAKRKMAAAKSLLAKKR,1.3983162641525269,0.00043186592283112665
HWRLLLLKKH,1.398779273033142,0.015141983474863266
AHCLAIGRS,1.3991304636001587,2.0179574599837025e-08
KLGALWKKLAKAKGKL,1.3992319107055664,0.005318885099453259
FLKGIKGMLGKLF,1.3996905088424683,1.7633844101139492e-05
VIAAGLNGLAALAKKLA,1.401666283607483,0.0006849409850355509
EWAAIYQKIKEFAKKL,1.4016796350479126,0.00016317119627645544
IKKILSKIKKVLK,1.4021934270858765,2.0420830591970147e-06
VKTLPSLFFRKIKKGFG,1.4074288606643677,0.0011272593931032741
GLFDIVKKVIGSIGKL,1.4076159000396729,0.36096930089448886
LRKLRRLIL,1.411393642425537,0.007015628951249633
IIGPVLGLVGSALGGLIKKI,1.4141839742660522,0.34194385443041886
GCATRCKATGRC,1.4168790578842163,0.20937135616094005
KWVKIIRRIAK,1.417266845703125,4.30845282389918e-05
KFKLKQ,1.419226050376892,2.7420886210110455e-05
RKLKKVPKPIKKVL,1.4220227003097534,6.710811960360272e-10
GIGTALKKFGKAFVGEIMNS,1.4224735498428345,0.0016871711211170724
GLRDKFKTFLRSKEKNKDKKSISSLS,1.423856258392334,0.0071848751748782675
KDFKKVLKALLNSLQ,1.4276542663574219,0.003310563775057304
WWKNIWWKVRR,1.4277890920639038,0.3690742890365046
LRPDILPQIWPQLRCHWLGGCLSIYSTVGGFGHYAHSVFGV,1.427941083908081,2.4185623530815775e-05
LGWILCKIAKKC,1.4309645891189575,0.2621565634750472
FLGRAVLRAFKQVGKK,1.4312916994094849,2.860560838139672e-06
FKRPVWIWRR,1.43174409866333,0.03611197836489125
GWGSFFKKAAHVGKHVGKA,1.4318666458129883,3.7845394149469806e-07
KKLEKILKFGHAAGKLAGLL,1.4322022199630737,0.448361791328605
GKFKSYEKKPRRFFARIRGGIAAIVGGLFHNYQ,1.435839056968689,0.010139882566541698
GNNRPVYIPQPRPPHPRI,1.438379168510437,3.4614570061642e-08
FTQGVGNPVSCARNKGICVPSRCPGNNRQIGTCLGPPVLRCPRKN,1.43901526927948,0.00014083875525028474
PRLRYKTRLRLWKI,1.4396055936813354,0.004282635213890496
LLKKLLKLK,1.4397742748260498,0.0020501952370775593
RYWIRGKIYGLIRK,1.4440187215805054,0.002292363373074858
KKVANTVQKLKKKFKAKAALKAALN,1.4444633722305298,0.007384781094125141
ILGKLWEGVKSI,1.4461536407470703,0.42713329803775535
FLSMIPKIAGGIASLVKNL,1.447534203529358,0.43241099769519853
ILWSKIWSVKNKVGILAGLNVVSCISK,1.4481712579727173,0.46938406083367207
KKVAPAVFKAWVVVKKSWLK,1.4488776922225952,0.26656234596243966
FFFKLAKKLVPSAIISMP,1.4496184587478638,0.006080222374693338
GKLGPLLKIASKVGSNLL,1.450471043586731,0.013704434135801257
GEFKKIVQKIKDFLKNLV,1.4516006708145142,0.4384766640384991
KHHLHHLHHHGHHSIHRHH,1.4530035257339478,1.3384626726558937e-08
GFGDSVKEGLKNAAVTILNKIKCKISECPPA,1.453095555305481,0.3504653805850797
TINDLQAKKNEKFQAFKDISKKFASIAKNVAKEYGITKANLAKVATND,1.456691861152649,0.002944951021286153
SGALFKFLARASGKL,1.456921935081482,1.561096738942157e-05
YFGCKLRLARKHGY,1.4570218324661255,0.0007941691819478209
ILPWWPWWRK,1.4586373567581177,0.0008341622229793626
EFKRIVQRIKDHLR,1.4606318473815918,7.43861779459033e-05
LVVLTSRGGKKKVKKVLTRF,1.4608556032180786,3.744101288917018e-05
FLGSVLKVAGKLVPAAIKEC,1.4637796878814697,0.019373462869467874
RKMEKIGKDIRKAIVKRIK,1.464581847190857,9.3876503694358e-06
GFIFHIATIASHIGPVIQGLAKRAR,1.4648512601852417,0.39363656033320765
RIIHRIHRF,1.46543550491333,1.258681686112795e-06
MAGGKAGKDSGKAKAKAVSRSARAGLQFPVGRIHRHLK,1.4657117128372192,0.0001755563103698853
GLASLIGKAFKGAIGHLTKSGPLPSKE,1.466084361076355,0.03990842963491234
KFAPKGTGKFLHSAKKFGKAFVGEIMNS,1.4671752452850342,0.0047588437426741995
RRGWARRLAFGRR,1.4692565202713013,0.0005672463458888072
TGKYTWSYKGQGKIEGNGVLKVFRKGIGGHAISG,1.4693375825881958,0.00036865539356048494
FLPIASVLGPNLFLGGSLRPLCHKCCNNGRCSPWDRDNSESD,1.4713895320892334,4.2698769211876754e-05
KWPWWKWRR,1.4727001190185547,0.026677801810516884
ASHLPSPFTPPLRPIPQPILPRPLPSCI,1.47588050365448,0.0002714186371289981
KRAVQTWIKVKLK,1.4769686460494995,0.005064352310521381
KRKLLKRILKL,1.4775458574295044,0.00038853252387166786
IIICRKPIICRKPIICRKPIII,1.4787517786026,9.04882471630464e-06
KIWKCRKNPNYCRRLESIGVQIKFLGTDEY,1.4794249534606934,0.00010363481048428631
GWNKAAKKANRKAAKHAAKHA,1.4825574159622192,1.0702723093034254e-06
HGKKVLDSFSNGMKHLDDLIAIAKQI,1.4830085039138794,0.0009616875608324429
GILDSFKGVAKGVAKDLAGKLLDKLKCKITGC,1.4852073192596436,0.40913471937499263
RIKRFWPVVIRTVVAGYNLY,1.485901951789856,0.39671250726808094
WRRRWRWF,1.4872623682022095,0.003401370693140894
GLLDSFKNAMIGIAKSAGKSALNKIACKIDKTC,1.4891902208328247,0.4529801209488269
RWWRFLRR,1.4900779724121094,0.0004049128561358225
KRNKHRHRHRH,1.49496591091156,3.4327559080811414e-09
MPKVNVNGIIIKRLILQGFNIL,1.4951454401016235,0.2594965788989703
RFSKFGRRSRGRGPQPSNSNQRRHRHRASSQS,1.495284914970398,0.000603917332119022
WRIRWK,1.4965111017227173,0.0007440709846964257
FLPLLGKVLSGIL,1.497538685798645,0.4345016091453967
MAPKGKGSVAGKKSSKMDSSFRKISSFFGKKDKEKRQAK,1.4986308813095093,0.0018711222447325047
IRRWWWRRI,1.4986540079116821,0.2202695458746107
GIWNEIKEAGKELLSGLK,1.49903404712677,0.0001021784260271987
YNYGVDSLGKKLSTRYHHELSRRWHRTF,1.4992282390594482,0.019319563797231046
YLRRIWKML,1.4993327856063843,0.3552980476931714
CVHWQTNTARTSCIGP,1.4995969533920288,7.519047888931093e-08
